{
    "copyFilesFilter": [
        "../bin/**/*.*"
    ],
    "openDataZone": false,
    "compressJson": false,
    "compressJsonFilter": [
        "$basePath/**/*.{json,atlas}"
    ],
    "compressJsonNoteList": [
        ""
    ],
    "compressImage": false,
    "compressImageFilter": [
        "$basePath/**/*.{png,jpg}"
    ],
    "compressImageNoteList": [
        ""
    ],
    "compressJs": false,
    "compressJsFilter": [
        "$basePath/**/*.js"
    ],
    "compressJsNoteList": [
        ""
    ],
    "version": false,
    "versionFilter": [
        "$basePath/**/*.*",
        "!$basePath/*.html",
        "!$basePath/{version.json,game.js,game.json,project.config.json,weapp-adapter.js,project.swan.json,swan-game-adapter.js,main.js,gameConfig.json}",
        "!$basePath/layaforqq/**/*.*"
    ],
    "versionNoteList": [
        "",
        "",
        "",
        ""
    ],
    "exclude": false,
    "excludeFilter": [
        "!$basePath/res/**/*.*"
    ],
    "vexcludeNoteList": [
        ""
    ],
    "packfile": false,
    "packfileFilter": [
        ""
    ],
    "packfileFullValue": [
        "$basePath/**/*.*"
    ],
    "packfileTargetValue": "",
    "packfileNoteList": [
        ""
    ],
    "clearReleaseDir": true,
    "compile": true,
    "forceCompile": false,
    "onlyIndexJS": true,
    "projectType": "ts",
    "pubTime": 1571810944973,
    "oppoInfo": {
        "name": "坦克弹弹弹",
        "projName": "quickgame",
        "package": "com.zhise.tkttt.nearme.gamecenter",
        "icon": "C:\\Users\\tim\\Desktop\\ico_512.jpg",
        "versionName": "1.0",
        "versionCode": 1,
        "minPlatformVersion": 1050,
        "orientation": "portrait",
        "oppoDebug": true,
        "useReleaseSign": false,
        "subpack": false
    },
    "oppoSign": {
        "generateSign": false,
        "countryName": "",
        "provinceName": "",
        "localityName": "",
        "orgName": "",
        "orgUnitName": "",
        "commonName": "",
        "emailAddr": ""
    },
    "oppoSubpack": []
}