{
    "copyFilesFilter": [
        "../bin/**/*.*"
    ],
    "openDataZone": false,
    "compressJson": true,
    "compressJsonFilter": [
        "$basePath/**/*.{json,atlas,lh,ls,lmat}"
    ],
    "compressJsonNoteList": [
        ""
    ],
    "compressImage": true,
    "compressImageFilter": [
        "$basePath/**/*.{png,jpg}"
    ],
    "compressImageNoteList": [
        ""
    ],
    "compressJs": false,
    "compressJsFilter": [
        "$basePath/**/*.js"
    ],
    "compressJsNoteList": [
        ""
    ],
    "version": false,
    "versionFilter": [
        "$basePath/**/*.*",
        "!$basePath/*.html",
        "!$basePath/{version.json,game.js,game.json,project.config.json,weapp-adapter.js,project.swan.json,swan-game-adapter.js,main.js,gameConfig.json}",
        "!$basePath/layaforqq/**/*.*"
    ],
    "versionNoteList": [
        "",
        "",
        "",
        ""
    ],
    "packfile": true,
    "packfileFilter": [
        "3dres;config;fileconfig.json;gameUI;index.js;js;libs;music;prefab;res;sound;unpack.json;version.json;view"
    ],
    "packfileFullValue": [
        "$basePath/3dres/**/*.*",
        "$basePath/config/**/*.*",
        "$basePath/fileconfig.json",
        "$basePath/gameUI/**/*.*",
        "$basePath/index.js",
        "$basePath/js/**/*.*",
        "$basePath/libs/**/*.*",
        "$basePath/music/**/*.*",
        "$basePath/prefab/**/*.*",
        "$basePath/res/**/*.*",
        "$basePath/sound/**/*.*",
        "$basePath/unpack.json",
        "$basePath/version.json",
        "$basePath/view/**/*.*",
        "$basePath/game.js",
        "$basePath/game.json",
        "$basePath/project.config.json",
        "$basePath/weapp-adapter.js"
    ],
    "packfileTargetValue": "",
    "packfileNoteList": [
        ""
    ],
    "clearReleaseDir": true,
    "compile": true,
    "onlyIndexJS": true,
    "projectType": "ts",
    "pubTime": 1563524156636
}